<suite name="TOOLSQA_DEMO">

	<!-- APPLICATION PARAMETERS -->
	<parameter name="appurl" value="https://xcelerate.qa.elementfleet.com" />
	<parameter name="username" value="testbus3" />
	<parameter name="password" value="testuat3" />
	<parameter name="selectText" value="Ordering" />
	<parameter name="reportName" value="Order Status Report - U.S." />
	<test verbose="10" name="FLEET_OFFICE_FAM_MANAGE_ORDERS"
		annotations="JDK" preserve-order="true">
		<classes>
			<class name="tutorialspoint.XcelerateQATest" />
		</classes>
	</test>


</suite>